User ID,Content ID,Rating
1,1,2
1,3,3
1,7,1
1,9,2
1,12,5
1,17,4
1,18,1
1,20,4
1,21,4
1,27,2
1,33,5
1,40,5
1,43,2
1,46,5
1,49,1
1,50,1
1,55,5
1,58,5
1,60,5
1,61,1
1,63,2
1,66,3
1,70,1
1,75,3
1,76,1
1,78,1
1,83,1
2,1,1
2,4,1
2,6,2
2,7,5
2,10,5
2,15,1
2,18,5
2,20,1
2,28,5
2,35,2
2,45,1
2,48,5
2,50,5
2,52,1
2,57,4
2,59,1
2,61,2
2,73,5
2,74,5
2,77,5
2,78,1
2,79,2
2,83,4
3,1,5
3,2,1
3,7,1
3,11,5
3,14,1
3,18,1
3,21,2
3,24,1
3,26,1
3,31,4
3,32,2
3,34,4
3,35,2
3,36,5
3,42,1
3,45,5
3,47,1
3,48,1
3,62,2
3,66,5
3,71,1
3,73,1
3,79,5
3,86,4
4,2,1
4,7,5
4,9,1
4,19,2
4,22,4
4,23,1
4,25,5
4,27,2
4,28,5
4,29,2
4,30,2
4,34,1
4,39,1
4,46,1
4,50,5
4,53,1
4,55,2
4,60,2
4,72,1
4,74,5
4,76,1
4,79,1
4,84,5
5,2,2
5,3,5
5,9,5
5,15,5
5,22,1
5,33,1
5,34,1
5,41,1
5,43,4
5,46,1
5,48,1
5,49,4
5,51,4
5,55,1
5,56,4
5,60,1
5,61,4
5,63,1
5,68,4
5,73,2
5,76,1
5,84,1
5,85,1
6,1,4
6,5,1
6,8,5
6,11,5
6,20,1
6,25,2
6,28,1
6,31,5
6,35,1
6,43,2
6,44,1
6,46,1
6,57,1
6,69,4
6,77,2
6,79,5
6,81,1
6,86,5
7,3,1
7,4,2
7,5,4
7,9,1
7,12,5
7,15,2
7,20,5
7,22,2
7,26,1
7,31,3
7,33,5
7,35,1
7,39,2
7,40,5
7,52,2
7,55,5
7,59,1
7,60,5
7,66,1
7,69,2
7,72,1
8,1,2
8,5,5
8,10,1
8,16,5
8,17,5
8,24,1
8,26,1
8,33,5
8,36,1
8,38,5
8,40,5
8,42,4
8,51,1
8,55,5
8,59,2
8,63,1
8,67,5
8,68,1
8,70,3
8,71,2
8,74,2
9,1,2
9,7,5
9,17,1
9,23,1
9,26,2
9,27,2
9,35,2
9,40,3
9,46,2
9,48,5
9,49,1
9,55,2
9,56,2
9,57,5
9,65,2
9,66,1
9,67,2
9,69,1
9,71,5
9,73,4
9,78,1
9,83,4
9,84,5
9,87,1
10,2,5
10,5,5
10,13,3
10,17,4
10,18,1
10,21,5
10,29,2
10,33,5
10,38,5
10,39,1
10,41,2
10,42,4
10,47,1
10,55,5
10,59,1
10,63,1
10,64,5
10,67,5
10,79,1
10,87,2
11,1,5
11,4,2
11,8,4
11,9,1
11,10,1
11,11,5
11,18,2
11,23,5
11,24,1
11,25,1
11,26,3
11,29,4
11,31,5
11,32,3
11,34,5
11,37,3
11,48,1
11,50,1
11,51,1
11,53,1
11,57,2
11,62,3
11,64,1
11,65,5
11,66,5
11,70,1
11,73,1
11,75,5
11,80,1
11,82,3
11,84,2
11,86,4
11,87,4
12,4,4
12,18,1
12,23,1
12,26,5
12,29,1
12,31,2
12,34,3
12,36,2
12,40,1
12,47,1
12,49,4
12,51,5
12,54,5
12,56,5
12,60,3
12,64,1
12,68,5
12,70,2
12,72,4
12,76,2
12,77,1
12,81,2
12,85,2
12,86,1
13,1,1
13,7,5
13,10,4
13,12,1
13,16,2
13,19,2
13,22,5
13,24,4
13,25,4
13,29,3
13,34,1
13,37,5
13,45,1
13,47,5
13,48,4
13,50,4
13,52,1
13,53,1
13,54,3
13,56,2
13,60,1
13,64,1
13,76,2
13,80,2
13,87,1
14,2,2
14,4,2
14,7,5
14,13,5
14,25,5
14,32,1
14,37,4
14,41,5
14,50,5
14,56,1
14,57,5
14,59,1
14,62,5
14,63,1
14,69,1
14,72,1
14,74,4
14,75,1
14,76,2
14,78,1
14,83,5
14,85,5
14,86,2
15,1,5
15,3,1
15,8,4
15,12,2
15,18,1
15,19,1
15,27,5
15,30,1
15,31,4
15,32,1
15,41,1
15,48,1
15,51,1
15,52,1
15,53,2
15,61,2
15,62,1
15,63,5
15,65,4
15,67,1
15,70,2
15,75,5
15,76,5
15,77,1
15,81,2
15,82,1
15,84,1
15,87,4
16,1,5
16,4,1
16,12,3
16,15,1
16,20,1
16,23,5
16,27,4
16,31,4
16,34,5
16,45,5
16,46,2
16,49,1
16,55,1
16,56,1
16,67,1
16,72,1
16,74,2
16,81,2
17,5,1
17,15,5
17,18,2
17,26,5
17,30,4
17,32,5
17,38,1
17,39,5
17,49,5
17,52,4
17,61,5
17,74,1
17,75,1
17,77,1
17,78,5
18,1,1
18,5,1
18,14,5
18,18,5
18,19,1
18,22,4
18,24,5
18,28,5
18,29,1
18,38,1
18,39,1
18,47,5
18,48,5
18,49,3
18,50,4
18,51,1
18,52,1
18,53,1
18,57,5
18,64,1
18,66,2
18,70,4
18,73,5
18,74,5
18,75,2
18,77,5
18,80,1
18,82,1
18,84,5
19,5,5
19,19,5
19,20,5
19,24,1
19,26,1
19,28,2
19,33,5
19,34,1
19,35,3
19,44,5
19,46,5
19,53,5
19,56,1
19,58,4
19,60,4
19,64,5
19,71,1
19,76,1
19,81,5
19,82,1
20,2,2
20,3,2
20,4,1
20,7,1
20,10,3
20,20,1
20,22,1
20,23,5
20,27,5
20,32,1
20,42,1
20,44,1
20,52,1
20,62,1
20,63,4
20,66,5
20,68,1
20,69,4
20,74,1
20,76,5
20,80,1
20,86,5
21,6,1
21,7,5
21,12,1
21,17,1
21,24,4
21,34,1
21,37,4
21,41,4
21,42,1
21,43,2
21,47,5
21,53,3
21,54,2
21,55,1
21,57,5
21,60,1
21,61,1
21,63,1
21,65,2
21,66,1
21,74,5
21,75,3
21,77,5
21,83,5
21,86,1
21,87,2
22,3,1
22,5,4
22,10,2
22,12,5
22,13,1
22,19,5
22,20,4
22,29,2
22,32,1
22,34,1
22,36,2
22,38,5
22,42,4
22,44,5
22,45,2
22,53,5
22,56,2
22,65,1
22,71,1
22,73,1
22,79,2
23,6,5
23,13,1
23,14,2
23,15,5
23,23,2
23,27,2
23,30,4
23,54,5
23,57,1
23,61,5
23,67,1
23,70,1
23,73,2
23,76,2
24,1,1
24,10,5
24,13,5
24,15,1
24,18,4
24,22,5
24,24,4
24,25,5
24,30,2
24,31,1
24,36,2
24,38,1
24,40,1
24,41,4
24,42,1
24,44,1
24,48,5
24,57,4
24,62,5
24,73,4
24,76,2
24,77,5
24,81,1
24,86,3
25,7,4
25,12,1
25,14,5
25,15,3
25,18,5
25,28,4
25,29,2
25,34,1
25,39,1
25,41,5
25,42,1
25,48,5
25,60,1
25,61,1
25,65,1
25,69,1
25,70,5
25,72,1
25,79,1
25,80,1
25,81,1
25,82,2
25,83,5
25,85,4
26,5,2
26,9,1
26,10,4
26,13,4
26,14,4
26,15,2
26,19,1
26,21,2
26,28,5
26,36,1
26,44,1
26,48,5
26,49,2
26,50,4
26,71,5
26,75,1
26,77,5
26,83,4
26,85,5
27,1,1
27,3,5
27,9,5
27,13,2
27,15,4
27,17,1
27,30,5
27,31,1
27,33,3
27,36,1
27,41,3
27,42,1
27,49,4
27,50,1
27,55,1
27,56,4
27,58,2
27,60,1
27,61,5
27,64,1
27,65,2
27,69,3
27,73,2
27,74,3
27,78,5
27,79,3
27,80,4
28,1,2
28,3,1
28,4,1
28,6,2
28,7,5
28,10,4
28,14,5
28,15,1
28,16,2
28,18,4
28,31,2
28,32,1
28,36,2
28,37,5
28,41,5
28,48,5
28,57,5
28,62,5
28,66,2
28,69,2
28,74,4
28,83,4
28,84,4
29,6,5
29,9,5
29,13,2
29,14,1
29,16,2
29,18,1
29,19,1
29,33,1
29,35,4
29,38,1
29,46,2
29,54,4
29,68,5
29,82,4
29,83,2
30,1,2
30,5,2
30,7,5
30,10,4
30,13,5
30,16,2
30,24,5
30,27,1
30,29,1
30,31,1
30,34,1
30,41,5
30,44,1
30,47,5
30,48,4
30,51,3
30,54,1
30,57,5
30,58,2
30,60,1
30,62,4
30,67,2
30,68,1
30,69,1
30,70,5
30,73,4
30,74,5
31,1,4
31,8,5
31,11,4
31,20,1
31,27,5
31,28,2
31,29,5
31,31,5
31,45,5
31,47,2
31,48,2
31,49,1
31,53,2
31,59,5
31,63,5
31,65,5
31,66,4
31,74,1
31,77,2
31,81,2
31,82,1
31,87,5
32,1,5
32,3,3
32,7,3
32,14,1
32,27,4
32,33,1
32,38,2
32,39,2
32,47,2
32,56,1
32,59,4
32,60,1
32,63,4
32,74,2
32,75,5
32,77,3
32,79,4
32,87,4
33,3,1
33,7,5
33,10,4
33,12,2
33,14,5
33,20,2
33,25,5
33,27,1
33,28,4
33,31,2
33,36,2
33,37,5
33,43,2
33,50,5
33,53,3
33,55,1
33,57,5
33,61,2
33,67,1
33,69,2
33,70,5
33,71,5
33,74,4
33,76,1
33,86,2
34,1,3
34,2,5
34,10,1
34,13,1
34,16,4
34,19,5
34,20,4
34,27,1
34,37,1
34,42,5
34,46,5
34,47,1
34,53,5
34,55,4
34,60,4
34,61,1
34,64,4
34,67,5
34,79,3
34,85,2
34,86,1
35,1,2
35,20,1
35,25,5
35,26,1
35,27,2
35,41,5
35,43,2
35,45,2
35,48,4
35,52,1
35,57,5
35,60,1
35,65,1
35,68,1
35,70,4
35,71,5
35,77,4
35,83,5
35,86,1
36,1,5
36,3,1
36,8,4
36,20,2
36,21,1
36,30,1
36,31,4
36,34,5
36,43,1
36,48,1
36,65,4
36,66,4
36,69,5
36,73,1
36,75,4
36,81,1
36,82,1
36,85,3
37,3,1
37,7,1
37,13,3
37,17,1
37,21,1
37,25,1
37,26,2
37,27,4
37,32,3
37,33,1
37,35,2
37,38,2
37,40,2
37,46,1
37,47,2
37,52,2
37,54,1
37,55,2
37,58,2
37,69,5
37,75,5
37,76,4
37,77,1
37,78,1
37,79,4
37,86,4
38,4,1
38,18,5
38,23,2
38,24,5
38,25,4
38,27,1
38,36,1
38,46,1
38,47,5
38,55,1
38,56,2
38,57,5
38,58,1
38,61,2
38,63,1
38,72,2
38,73,5
38,74,5
39,1,1
39,4,5
39,6,5
39,15,4
39,19,1
39,22,1
39,30,5
39,36,2
39,37,1
39,42,3
39,43,5
39,47,1
39,48,1
39,49,5
39,54,5
39,56,4
39,68,5
39,71,1
39,73,1
39,74,1
39,75,1
39,81,2
39,82,5
39,83,1
39,84,2
40,1,2
40,2,5
40,16,5
40,19,5
40,20,5
40,26,3
40,34,1
40,42,5
40,43,1
40,51,1
40,55,5
40,59,2
40,61,2
40,62,2
40,72,1
40,81,5
40,82,1
40,84,2
41,14,1
41,17,5
41,20,5
41,21,5
41,25,1
41,37,2
41,42,4
41,45,2
41,48,2
41,50,2
41,52,2
41,53,5
41,55,5
41,58,5
41,60,4
41,64,5
41,68,1
41,69,1
41,74,3
41,85,1
42,3,2
42,16,1
42,18,1
42,24,1
42,25,1
42,27,5
42,29,5
42,32,1
42,34,5
42,49,1
42,51,1
42,52,2
42,55,1
42,57,1
42,62,1
42,65,4
42,69,5
42,70,1
42,71,1
42,75,5
42,77,3
42,83,2
42,87,5
43,1,5
43,4,1
43,5,1
43,7,1
43,8,4
43,10,3
43,14,2
43,20,2
43,21,1
43,22,3
43,23,4
43,24,1
43,28,1
43,31,4
43,34,4
43,49,1
43,51,1
43,52,1
43,53,2
43,57,2
43,58,2
43,59,5
43,62,2
43,66,4
43,68,1
43,69,4
43,79,5
43,87,4
44,1,5
44,7,2
44,8,5
44,12,2
44,24,1
44,31,4
44,34,5
44,45,5
44,48,1
44,52,2
44,66,4
44,68,3
44,69,5
44,75,5
44,76,5
44,86,5
45,2,4
45,5,5
45,8,1
45,14,1
45,15,1
45,20,5
45,33,5
45,35,1
45,37,1
45,44,5
45,49,2
45,54,2
45,60,4
45,70,3
45,71,2
45,78,1
45,81,5
45,85,1
46,6,5
46,9,4
46,16,3
46,26,5
46,27,1
46,30,4
46,32,4
46,39,4
46,41,1
46,48,1
46,55,2
46,56,4
46,59,1
46,64,2
46,71,1
46,76,2
46,82,5
46,84,2
46,85,2
47,2,5
47,7,1
47,12,5
47,17,4
47,20,4
47,22,1
47,28,3
47,33,5
47,40,5
47,41,1
47,42,5
47,46,4
47,54,1
47,56,1
47,57,1
47,59,1
47,60,5
47,65,3
47,66,2
47,72,3
47,73,1
47,82,2
47,85,1
48,1,5
48,6,1
48,10,1
48,15,2
48,18,1
48,19,2
48,27,5
48,28,1
48,34,4
48,35,2
48,40,1
48,42,1
48,45,5
48,47,1
48,63,5
48,66,5
48,67,1
48,75,5
48,76,4
48,78,2
48,84,1
48,85,3
49,8,1
49,12,5
49,17,5
49,20,4
49,25,2
49,29,2
49,35,3
49,37,1
49,38,4
49,43,1
49,44,5
49,52,3
49,56,1
49,65,2
49,70,1
49,74,1
49,80,2
50,4,1
50,7,5
50,9,1
50,10,5
50,16,2
50,23,1
50,28,5
50,35,2
50,37,4
50,38,1
50,39,2
50,40,3
50,41,5
50,47,4
50,65,2
50,73,4
50,74,5
50,76,2
50,80,1
50,83,5
51,1,4
51,5,1
51,7,1
51,8,5
51,12,3
51,17,1
51,21,1
51,27,4
51,31,5
51,38,2
51,45,5
51,49,2
51,68,2
51,69,5
51,70,1
51,72,1
51,73,1
51,74,2
52,1,1
52,7,5
52,10,5
52,15,1
52,22,5
52,26,2
52,38,2
52,47,5
52,48,5
52,57,5
52,62,4
52,68,2
52,70,5
52,71,4
52,80,2
52,83,5
52,84,4
52,87,2
53,3,5
53,6,5
53,9,5
53,15,5
53,21,3
53,28,1
53,29,2
53,30,4
53,43,4
53,46,1
53,47,2
53,52,5
53,59,1
53,61,5
53,68,4
53,78,4
53,80,5
54,1,1
54,2,5
54,3,1
54,4,2
54,5,4
54,6,2
54,9,1
54,14,1
54,17,4
54,19,5
54,23,1
54,29,3
54,37,1
54,41,1
54,55,5
54,59,2
54,64,5
54,67,5
54,72,2
54,82,2
54,86,2
55,6,5
55,7,1
55,11,1
55,15,4
55,20,1
55,23,2
55,28,1
55,30,5
55,34,1
55,35,5
55,38,1
55,39,5
55,44,1
55,51,5
55,54,4
55,74,1
55,75,2
55,80,4
55,82,5
55,84,1
56,2,1
56,4,2
56,5,2
56,17,1
56,20,2
56,21,1
56,22,2
56,35,1
56,41,2
56,51,1
56,57,1
56,59,4
56,66,4
56,67,2
56,69,4
56,74,1
56,79,4
56,82,1
56,84,2
56,86,5
56,87,5
57,2,1
57,3,2
57,6,1
57,8,4
57,9,2
57,10,3
57,11,5
57,14,1
57,16,1
57,17,2
57,21,1
57,23,4
57,25,1
57,27,4
57,31,5
57,35,1
57,38,2
57,53,1
57,55,1
57,59,5
57,63,5
57,67,1
57,68,2
57,71,3
57,75,5
58,1,3
58,7,5
58,14,4
58,21,1
58,22,5
58,24,4
58,27,1
58,33,1
58,35,3
58,37,5
58,39,2
58,40,2
58,43,1
58,48,4
58,51,2
58,61,1
58,62,4
58,67,1
58,71,5
58,72,1
58,77,5
58,79,1
59,2,1
59,5,1
59,8,4
59,11,4
59,17,1
59,27,4
59,28,2
59,38,1
59,42,1
59,54,1
59,56,2
59,62,2
59,63,5
59,66,5
59,68,1
59,71,3
59,79,5
59,81,1
59,83,2
59,86,4
60,3,1
60,5,4
60,7,1
60,9,2
60,16,4
60,20,5
60,23,1
60,29,2
60,32,1
60,39,1
60,40,5
60,43,1
60,46,5
60,47,2
60,51,2
60,58,5
60,60,4
60,64,5
60,66,3
60,67,5
60,68,1
60,69,1
60,70,1
60,72,1
60,76,1
60,77,1
60,84,1
60,85,1
61,1,2
61,10,4
61,11,2
61,22,5
61,28,4
61,37,4
61,38,2
61,41,5
61,46,1
61,47,5
61,48,4
61,66,1
61,73,4
61,77,4
61,83,4
61,84,5
61,85,5
62,2,4
62,14,2
62,15,1
62,19,4
62,20,5
62,21,5
62,22,2
62,29,1
62,30,2
62,32,1
62,38,5
62,39,1
62,40,5
62,53,5
62,54,3
62,60,5
62,61,1
63,4,1
63,10,5
63,11,2
63,14,4
63,17,2
63,20,2
63,24,5
63,29,3
63,30,1
63,37,5
63,39,2
63,40,1
63,42,2
63,47,4
63,51,1
63,59,1
63,62,5
63,63,1
63,70,5
63,71,5
63,72,2
63,73,5
63,82,3
63,84,5
64,1,5
64,2,1
64,5,3
64,14,2
64,22,2
64,23,5
64,27,5
64,29,5
64,33,1
64,35,2
64,36,5
64,38,2
64,41,2
64,45,5
64,49,2
64,50,1
64,51,1
64,54,1
64,65,4
64,72,1
64,80,1
64,81,2
64,86,5
64,87,5
65,5,2
65,16,1
65,18,4
65,20,1
65,22,5
65,24,5
65,25,4
65,28,5
65,29,2
65,30,1
65,31,2
65,33,3
65,41,4
65,45,3
65,52,1
65,55,1
65,57,4
65,59,1
65,60,1
65,62,5
65,67,2
65,69,1
65,72,1
65,74,5
65,87,1
66,3,5
66,5,1
66,10,1
66,12,1
66,15,5
66,24,1
66,32,5
66,33,1
66,41,3
66,43,5
66,46,2
66,51,5
66,54,5
66,55,2
66,56,5
66,57,3
66,60,2
66,63,2
66,72,5
66,74,2
66,78,5
66,85,1
67,2,1
67,4,3
67,8,5
67,11,4
67,12,2
67,13,1
67,18,3
67,23,4
67,27,5
67,30,1
67,38,2
67,42,1
67,44,2
67,53,2
67,59,5
67,62,1
67,68,2
67,69,5
67,75,5
67,79,5
67,80,2
68,3,5
68,5,1
68,7,3
68,9,5
68,11,1
68,12,1
68,13,2
68,15,5
68,19,1
68,23,1
68,25,1
68,30,5
68,32,4
68,37,2
68,52,5
68,53,2
68,54,4
68,55,1
68,57,2
68,72,5
68,84,3
68,85,1
68,87,1
69,3,2
69,9,1
69,17,3
69,26,1
69,29,5
69,36,4
69,42,1
69,43,2
69,46,1
69,54,1
69,65,4
69,67,1
70,2,2
70,11,5
70,13,2
70,17,1
70,22,1
70,24,1
70,27,4
70,32,2
70,33,2
70,35,1
70,40,1
70,45,5
70,47,2
70,50,3
70,55,2
70,56,1
70,58,2
70,63,5
70,66,5
70,67,3
70,68,1
70,69,5
70,75,5
70,78,1
70,79,4
70,83,1
71,5,4
71,13,1
71,15,1
71,20,5
71,21,5
71,25,3
71,33,5
71,37,1
71,39,1
71,44,4
71,55,5
71,58,4
71,61,1
71,64,4
71,66,3
71,70,1
71,76,1
71,79,1
71,83,1
71,84,2
71,85,1
72,2,1
72,3,5
72,7,3
72,11,2
72,14,1
72,15,5
72,20,3
72,27,2
72,37,1
72,40,1
72,41,2
72,47,1
72,49,5
72,55,1
72,60,1
72,67,3
72,69,2
72,76,1
72,78,5
72,81,1
72,82,5
72,86,1
73,7,5
73,10,5
73,15,3
73,21,1
73,23,1
73,24,5
73,25,4
73,39,1
73,47,4
73,57,5
73,59,3
73,63,1
73,67,1
73,70,4
73,72,1
73,73,5
73,74,5
73,77,4
73,86,3
74,2,1
74,4,1
74,12,1
74,15,2
74,17,1
74,24,1
74,29,4
74,32,2
74,34,5
74,49,1
74,50,1
74,57,1
74,60,2
74,79,5
74,80,1
74,81,2
74,82,2
74,85,2
75,1,1
75,3,5
75,6,5
75,9,5
75,18,1
75,21,1
75,23,1
75,26,4
75,27,1
75,30,5
75,31,1
75,35,5
75,37,1
75,39,5
75,45,1
75,50,2
75,51,5
75,52,5
75,56,5
75,58,3
75,68,4
75,72,5
75,74,1
75,76,1
75,78,5
75,80,5
76,1,1
76,9,3
76,10,5
76,15,2
76,17,1
76,21,2
76,22,4
76,33,2
76,36,1
76,45,1
76,48,4
76,58,2
76,68,3
76,70,5
76,72,2
76,73,5
76,77,4
76,80,2
76,83,4
76,84,4
76,85,5
76,86,2
77,1,3
77,5,4
77,12,4
77,14,2
77,17,5
77,21,5
77,26,2
77,27,1
77,29,3
77,38,4
77,43,3
77,44,5
77,46,4
77,47,1
77,51,1
77,60,5
77,64,5
77,79,1
77,80,1
77,81,5
77,84,2
78,1,1
78,5,1
78,13,4
78,14,5
78,15,2
78,18,5
78,20,1
78,22,5
78,26,1
78,28,4
78,29,1
78,32,2
78,37,5
78,40,1
78,41,4
78,50,5
78,52,1
78,55,1
78,58,2
78,60,1
78,63,1
78,67,2
78,70,5
78,71,5
78,73,5
78,84,4
78,86,2
79,2,1
79,11,4
79,14,1
79,16,2
79,20,1
79,26,1
79,27,4
79,28,1
79,29,5
79,33,2
79,36,4
79,38,1
79,42,2
79,45,5
79,48,1
79,50,1
79,53,1
79,54,1
79,56,2
79,57,1
79,58,2
79,59,5
79,65,5
79,87,5
80,5,1
80,10,5
80,19,2
80,25,5
80,34,2
80,39,2
80,54,1
80,62,4
80,63,2
80,67,2
80,72,2
80,73,5
80,74,5
80,79,1
80,81,3
80,82,2
80,84,5
81,4,4
81,21,1
81,32,4
81,35,5
81,37,1
81,39,5
81,40,2
81,43,5
81,48,2
81,49,5
81,51,5
81,53,1
81,54,5
81,58,2
81,60,3
81,62,1
81,63,1
81,69,1
81,71,1
81,72,5
81,74,2
81,82,5
82,2,1
82,3,4
82,4,4
82,15,5
82,16,2
82,17,2
82,26,4
82,29,2
82,30,5
82,33,1
82,35,4
82,43,4
82,45,1
82,53,1
82,54,4
82,61,5
82,68,4
82,82,5
83,1,3
83,6,5
83,11,1
83,18,2
83,21,1
83,35,4
83,36,2
83,44,1
83,51,4
83,52,4
83,60,1
83,61,5
83,70,2
83,71,1
83,76,1
83,79,1
84,7,4
84,8,1
84,10,5
84,19,2
84,21,1
84,22,5
84,28,4
84,41,4
84,42,1
84,52,1
84,56,1
84,57,4
84,58,1
84,61,2
84,62,4
84,64,2
84,68,2
84,72,2
84,77,5
84,81,2
84,86,1
85,2,5
85,4,1
85,5,5
85,8,1
85,18,1
85,19,5
85,20,5
85,21,5
85,24,1
85,36,1
85,42,5
85,47,2
85,51,1
85,53,5
85,55,5
85,61,1
85,68,3
85,73,2
85,77,1
85,78,2
85,81,5
85,87,2
86,7,1
86,22,1
86,27,4
86,28,1
86,30,2
86,32,2
86,34,5
86,36,4
86,37,1
86,39,1
86,41,1
86,43,1
86,46,1
86,47,1
86,50,1
86,54,1
86,56,1
86,61,1
86,63,5
86,85,1
86,86,4
86,87,5
87,1,2
87,2,2
87,6,4
87,9,4
87,11,2
87,15,4
87,23,2
87,30,5
87,36,1
87,38,1
87,39,4
87,42,1
87,43,4
87,54,5
87,63,2
87,70,2
87,74,1
87,80,5
87,82,5
87,86,1
88,2,1
88,3,4
88,4,4
88,10,1
88,13,2
88,14,2
88,17,2
88,18,1
88,20,1
88,30,4
88,32,5
88,34,1
88,36,2
88,39,5
88,41,2
88,53,2
88,54,5
88,57,1
88,64,2
88,68,5
88,72,4
88,75,1
88,78,4
88,84,2
89,7,5
89,18,4
89,19,1
89,21,2
89,25,4
89,28,5
89,34,1
89,37,5
89,41,5
89,44,2
89,46,1
89,47,5
89,48,5
89,50,5
89,53,2
89,61,1
89,63,1
89,70,5
89,71,5
89,74,5
89,76,1
89,81,1
89,83,5
89,84,5
89,87,2
90,4,1
90,10,5
90,12,1
90,18,5
90,24,5
90,25,5
90,28,5
90,31,2
90,34,1
90,36,1
90,37,5
90,41,4
90,46,2
90,47,5
90,48,5
90,49,1
90,52,2
90,53,1
90,57,5
90,62,5
90,63,2
90,66,1
90,73,5
90,74,5
90,76,3
90,81,2
90,86,3
91,1,1
91,7,1
91,10,1
91,13,2
91,15,5
91,19,1
91,22,1
91,24,1
91,26,5
91,32,4
91,34,3
91,35,4
91,40,2
91,47,1
91,56,5
91,61,4
91,64,1
91,67,2
91,68,5
91,69,1
91,87,2
92,4,5
92,12,2
92,15,5
92,22,1
92,26,5
92,27,2
92,39,5
92,41,2
92,45,1
92,48,1
92,60,2
92,63,2
92,71,1
92,73,1
92,74,1
92,78,5
92,80,5
92,85,2
93,3,4
93,9,5
93,11,1
93,12,2
93,14,1
93,16,1
93,21,1
93,22,1
93,23,3
93,32,5
93,34,1
93,35,5
93,39,5
93,51,4
93,54,4
93,55,1
93,56,5
93,65,1
93,71,1
93,72,5
93,73,1
93,78,5
93,79,2
93,83,1
94,4,5
94,8,2
94,9,5
94,11,1
94,17,1
94,22,2
94,26,5
94,27,1
94,35,4
94,38,1
94,50,1
94,51,5
94,55,3
94,68,4
94,72,4
94,74,2
94,79,1
94,80,5
95,2,5
95,8,2
95,10,1
95,15,1
95,16,4
95,17,5
95,19,5
95,23,1
95,31,2
95,40,5
95,41,2
95,42,4
95,49,2
95,52,1
95,55,5
95,60,4
95,62,2
95,64,5
95,66,2
95,81,5
95,82,1
95,83,2
95,86,1
96,2,4
96,9,2
96,17,5
96,18,2
96,20,5
96,21,5
96,28,1
96,33,5
96,40,4
96,41,2
96,48,3
96,49,1
96,56,1
96,58,5
96,70,1
96,71,1
96,84,2
96,86,1
97,1,3
97,4,5
97,5,1
97,6,5
97,7,2
97,8,1
97,9,5
97,15,5
97,18,1
97,19,1
97,27,1
97,28,1
97,32,5
97,34,1
97,35,4
97,36,1
97,39,5
97,49,4
97,54,4
97,56,5
97,60,1
97,62,1
97,64,2
97,68,5
97,72,4
97,73,1
97,78,4
97,80,5
97,84,2
98,5,4
98,7,1
98,8,1
98,9,2
98,12,5
98,16,4
98,25,2
98,28,1
98,29,3
98,34,2
98,36,1
98,40,5
98,49,3
98,50,2
98,56,1
98,57,1
98,58,5
98,59,1
98,60,5
98,63,1
98,64,4
98,65,1
98,77,1
99,6,1
99,8,1
99,10,1
99,14,1
99,17,5
99,19,5
99,21,4
99,23,1
99,25,2
99,26,1
99,29,2
99,34,2
99,35,3
99,42,5
99,44,5
99,46,4
99,52,3
99,60,4
99,61,1
99,66,1
99,67,5
99,68,1
99,72,3
99,73,2
99,76,2
100,2,1
100,3,1
100,10,5
100,13,4
100,18,4
100,24,4
100,25,5
100,27,1
100,28,4
100,35,1
100,50,4
100,59,1
100,62,5
100,64,1
100,65,1
100,68,1
100,70,4
100,76,1
100,78,2
100,83,5
101,5,5
101,8,3
101,10,1
101,12,5
101,15,1
101,16,5
101,17,5
101,24,3
101,27,2
101,35,2
101,40,4
101,43,1
101,45,2
101,51,1
101,58,4
101,66,1
101,73,2
101,79,1
101,81,5
102,6,1
102,7,5
102,8,1
102,16,1
102,17,1
102,20,2
102,22,5
102,23,1
102,31,1
102,35,1
102,40,2
102,42,2
102,43,1
102,47,4
102,57,5
102,68,1
102,69,1
102,71,5
102,74,4
102,75,1
102,76,1
102,77,5
102,78,2
102,83,5
102,86,1
103,1,5
103,6,1
103,8,4
103,9,2
103,11,4
103,15,3
103,16,2
103,20,1
103,21,2
103,22,2
103,28,2
103,29,4
103,32,1
103,39,1
103,41,2
103,42,2
103,43,1
103,47,2
103,53,1
103,59,5
103,62,1
103,69,4
103,71,1
103,76,5
103,80,2
103,86,4
104,6,1
104,14,3
104,20,5
104,23,2
104,28,1
104,29,2
104,31,1
104,34,1
104,37,1
104,39,2
104,44,5
104,45,1
104,51,1
104,53,4
104,62,1
104,63,2
104,65,3
104,78,2
104,81,4
104,84,2
104,85,2
104,86,1
105,13,2
105,14,3
105,29,5
105,32,1
105,36,5
105,43,3
105,48,1
105,54,1
105,57,1
105,59,5
105,65,5
105,71,1
105,73,1
105,74,1
105,75,5
105,79,5
105,80,1
105,83,1
106,1,5
106,20,2
106,23,5
106,34,4
106,42,1
106,43,2
106,45,5
106,58,2
106,59,5
106,66,4
106,68,1
106,69,5
106,72,2
106,87,5
107,3,3
107,12,1
107,25,4
107,26,1
107,27,1
107,28,5
107,30,1
107,37,5
107,39,1
107,46,1
107,48,4
107,49,1
107,52,2
107,54,3
107,60,1
107,61,2
107,62,5
107,68,1
107,69,1
107,70,5
107,71,5
107,73,5
107,74,4
107,77,4
107,82,1
107,83,5
107,85,5
108,19,2
108,23,2
108,26,5
108,27,2
108,28,1
108,32,5
108,33,1
108,41,1
108,45,2
108,47,1
108,49,5
108,56,5
108,58,1
108,61,4
108,68,5
108,72,5
108,74,1
108,76,1
108,77,2
108,78,5
108,80,4
108,81,1
108,84,1
108,85,1
108,87,1
109,3,5
109,4,4
109,5,1
109,6,4
109,9,5
109,10,3
109,23,1
109,28,1
109,29,1
109,30,4
109,31,1
109,34,1
109,35,4
109,38,2
109,39,4
109,41,2
109,42,2
109,50,2
109,51,4
109,56,4
109,61,4
109,65,3
109,67,2
109,69,1
109,72,5
109,73,1
109,76,2
109,82,5
109,84,2
109,85,1
110,4,1
110,9,2
110,20,1
110,27,1
110,28,5
110,32,1
110,34,1
110,37,5
110,41,5
110,46,1
110,53,1
110,55,1
110,59,1
110,62,4
110,85,4
110,86,2
111,8,5
111,9,1
111,14,2
111,17,2
111,19,2
111,20,3
111,21,1
111,23,5
111,25,1
111,27,4
111,29,4
111,34,5
111,35,1
111,36,5
111,37,1
111,42,1
111,52,1
111,65,5
111,76,4
111,79,4
111,81,1
111,84,1
111,86,5
111,87,4
112,1,1
112,7,4
112,9,1
112,10,4
112,21,2
112,22,4
112,26,1
112,34,1
112,41,5
112,45,1
112,50,4
112,63,1
112,70,4
112,74,4
112,76,1
112,81,1
113,5,5
113,6,1
113,11,1
113,12,5
113,13,1
113,17,4
113,19,5
113,20,5
113,29,1
113,32,2
113,34,2
113,36,1
113,43,1
113,44,4
113,54,1
113,57,1
113,58,4
113,60,5
113,65,1
113,67,5
113,68,3
113,69,1
113,75,3
113,76,1
113,77,3
114,4,1
114,5,4
114,6,2
114,8,1
114,11,2
114,12,4
114,14,2
114,15,2
114,16,5
114,17,4
114,21,5
114,22,1
114,28,1
114,44,5
114,48,1
114,50,1
114,58,4
114,62,2
114,67,5
114,72,1
114,73,1
114,80,1
114,82,1
115,2,5
115,5,4
115,15,1
115,19,4
115,27,1
115,29,1
115,31,3
115,32,1
115,38,5
115,43,2
115,45,1
115,48,1
115,50,2
115,51,1
115,58,5
115,60,4
115,67,4
115,70,1
115,75,1
115,80,1
116,3,5
116,6,5
116,10,2
116,21,1
116,26,5
116,28,2
116,32,4
116,35,5
116,41,1
116,51,4
116,53,2
116,54,5
116,55,2
116,56,5
116,57,2
116,61,4
116,64,1
116,66,2
116,73,2
116,86,1
117,2,1
117,4,2
117,7,5
117,10,5
117,15,1
117,18,4
117,24,5
117,25,4
117,29,1
117,31,2
117,38,1
117,39,2
117,45,1
117,48,4
117,50,5
117,52,1
117,53,2
117,56,1
117,61,2
117,62,4
117,64,3
117,65,1
117,70,5
117,71,5
117,72,3
117,77,5
117,84,5
117,85,5
117,87,2
118,3,1
118,7,5
118,12,2
118,19,1
118,24,5
118,29,2
118,33,1
118,39,2
118,40,2
118,41,4
118,48,4
118,55,1
118,62,5
118,70,4
118,71,5
118,73,5
118,76,1
118,80,1
118,81,1
118,83,4
118,84,5
118,85,5
119,1,1
119,4,4
119,6,5
119,9,5
119,16,1
119,19,1
119,22,1
119,26,4
119,27,1
119,31,2
119,32,5
119,33,1
119,38,1
119,39,5
119,47,2
119,49,4
119,50,1
119,52,5
119,53,1
119,54,5
119,59,1
119,61,5
119,64,2
119,70,1
119,74,2
119,76,1
119,78,5
119,80,5
119,84,1
119,85,1
119,86,1
120,7,1
120,9,4
120,10,3
120,14,2
120,15,4
120,16,2
120,21,1
120,26,4
120,27,2
120,31,1
120,35,5
120,38,1
120,41,3
120,42,1
120,43,5
120,49,5
120,52,5
120,59,1
120,60,1
120,68,5
120,70,2
120,72,5
120,78,4
120,79,2
120,80,5
120,84,1
120,86,3
121,5,4
121,12,5
121,33,5
121,35,1
121,42,5
121,44,4
121,46,5
121,50,2
121,55,5
121,63,1
121,67,5
121,68,1
121,70,3
121,72,1
121,80,1
122,4,2
122,10,1
122,12,1
122,16,1
122,17,2
122,29,5
122,31,5
122,34,4
122,36,4
122,44,1
122,49,1
122,63,5
122,69,5
122,75,4
122,76,5
122,87,4
123,6,5
123,11,1
123,16,1
123,17,2
123,20,1
123,21,2
123,25,2
123,33,1
123,39,5
123,46,2
123,51,5
123,52,4
123,56,4
123,61,5
123,67,1
123,75,2
123,84,2
123,85,1
123,87,1
124,19,1
124,21,1
124,23,4
124,27,5
124,30,2
124,34,5
124,36,5
124,40,2
124,45,5
124,52,2
124,56,1
124,59,5
124,63,4
124,66,5
124,74,1
124,75,5
124,76,5
124,79,4
124,85,2
124,86,5
124,87,5
125,4,5
125,7,1
125,8,1
125,25,1
125,28,1
125,29,1
125,30,5
125,34,2
125,38,1
125,39,4
125,40,3
125,42,1
125,43,4
125,45,1
125,48,3
125,51,5
125,54,5
125,57,2
125,59,1
125,62,1
125,63,1
125,66,1
125,77,1
125,80,4
125,82,5
125,84,1
125,85,2
126,6,5
126,9,4
126,10,2
126,16,1
126,26,5
126,32,4
126,34,1
126,37,1
126,42,1
126,43,5
126,44,1
126,62,3
126,63,2
126,70,2
126,79,2
127,3,1
127,11,5
127,22,1
127,29,4
127,30,1
127,32,1
127,39,2
127,44,2
127,46,1
127,51,2
127,57,1
127,60,1
127,68,1
127,69,4
127,76,5
127,77,1
127,79,5
127,81,1
127,82,2
127,87,4
128,2,4
128,5,5
128,8,1
128,12,4
128,19,5
128,22,1
128,28,2
128,30,2
128,36,1
128,38,5
128,42,5
128,44,5
128,48,2
128,49,1
128,51,1
128,54,1
128,58,5
128,61,1
128,62,2
128,71,2
128,79,1
128,86,1
129,2,3
129,4,1
129,9,3
129,11,4
129,12,1
129,21,1
129,23,4
129,30,1
129,36,5
129,37,1
129,38,3
129,53,1
129,58,1
129,63,4
129,65,4
129,66,4
129,67,2
129,68,2
129,69,5
129,72,1
129,75,4
129,76,5
129,86,5
130,8,5
130,9,2
130,19,2
130,25,2
130,36,5
130,42,1
130,45,4
130,50,1
130,60,1
130,70,1
130,79,5
130,84,1
130,87,4
131,15,2
131,16,1
131,21,1
131,24,4
131,29,2
131,30,1
131,35,1
131,37,5
131,48,4
131,50,5
131,51,2
131,55,1
131,56,1
131,64,1
131,65,2
131,69,1
131,74,5
131,76,1
131,81,1
132,4,3
132,7,5
132,27,1
132,28,5
132,31,2
132,34,2
132,35,1
132,36,2
132,40,1
132,48,5
132,50,4
132,51,1
132,56,2
132,61,1
132,63,1
132,67,1
132,71,5
132,73,5
132,76,1
132,80,1
132,83,4
133,2,1
133,9,5
133,15,4
133,17,2
133,18,2
133,20,2
133,25,1
133,26,5
133,27,1
133,30,5
133,32,5
133,33,2
133,34,1
133,37,1
133,39,5
133,41,2
133,44,1
133,46,2
133,49,5
133,52,5
133,54,5
133,58,2
133,59,2
133,62,1
133,68,5
133,74,1
133,75,1
134,4,4
134,10,2
134,13,2
134,21,1
134,23,3
134,35,5
134,36,1
134,38,1
134,39,5
134,46,1
134,50,2
134,52,5
134,53,3
134,61,4
134,63,1
134,66,2
134,69,3
134,70,1
134,80,5
134,81,1
134,82,4
135,2,4
135,5,5
135,8,1
135,9,1
135,18,1
135,29,1
135,34,3
135,35,2
135,36,1
135,52,1
135,59,2
135,64,4
135,67,5
135,75,1
135,78,2
135,83,2
136,4,1
136,6,2
136,12,1
136,14,4
136,22,5
136,23,1
136,24,5
136,27,2
136,30,1
136,35,2
136,36,2
136,43,1
136,46,2
136,47,5
136,56,1
136,62,5
136,70,5
136,71,5
136,73,4
136,74,4
136,75,1
136,77,5
136,79,3
136,82,1
136,84,5
137,6,2
137,10,4
137,16,1
137,22,5
137,25,5
137,31,1
137,32,1
137,38,1
137,40,1
137,41,5
137,56,2
137,59,1
137,61,2
137,62,5
137,63,1
137,68,1
137,73,5
137,75,2
137,77,5
137,80,1
137,83,5
137,85,4
138,2,3
138,23,5
138,25,1
138,34,5
138,35,3
138,36,5
138,40,2
138,47,1
138,52,1
138,53,1
138,54,3
138,57,2
138,58,2
138,67,2
138,78,2
138,80,1
138,83,1
138,84,2
139,2,1
139,5,1
139,11,4
139,13,2
139,14,1
139,16,2
139,23,4
139,24,2
139,29,4
139,31,5
139,39,1
139,41,1
139,49,1
139,65,5
139,66,4
139,75,4
139,76,5
139,79,5
139,81,2
139,82,2
139,86,5
139,87,5
140,1,1
140,6,1
140,18,5
140,20,3
140,26,3
140,30,1
140,32,1
140,33,1
140,35,1
140,37,5
140,47,4
140,51,1
140,52,1
140,53,1
140,57,5
140,62,4
140,65,1
140,73,5
140,74,5
140,75,3
140,80,1
140,86,1
141,4,1
141,7,5
141,13,5
141,14,5
141,18,5
141,20,1
141,22,5
141,24,5
141,28,5
141,32,2
141,34,2
141,37,5
141,40,1
141,49,1
141,54,1
141,56,1
141,59,1
141,61,2
141,66,1
141,73,4
141,74,5
141,75,1
141,82,2
141,83,5
141,85,5
142,2,5
142,3,1
142,5,4
142,16,5
142,24,2
142,27,2
142,34,1
142,39,3
142,42,5
142,45,1
142,54,1
142,64,5
142,66,3
142,67,4
142,68,2
142,83,1
143,4,1
143,5,5
143,10,1
143,15,2
143,19,4
143,20,4
143,33,5
143,37,2
143,42,5
143,44,5
143,48,1
143,51,1
143,53,5
143,55,5
143,69,1
143,79,2
143,83,1
144,1,1
144,4,5
144,14,2
144,21,1
144,22,2
144,23,1
144,26,4
144,29,1
144,30,5
144,32,5
144,39,5
144,41,1
144,45,1
144,48,2
144,51,4
144,53,1
144,54,4
144,58,2
144,62,2
144,65,2
144,66,1
144,77,1
144,80,5
144,82,5
144,83,2
144,86,2
145,2,3
145,8,3
145,11,1
145,14,4
145,18,4
145,21,1
145,22,5
145,24,5
145,28,4
145,40,1
145,41,5
145,43,1
145,48,5
145,54,1
145,68,1
145,72,2
145,74,5
145,77,5
145,78,2
145,79,1
145,82,1
145,85,4
145,87,1
146,6,5
146,7,1
146,13,1
146,14,1
146,15,5
146,19,1
146,26,4
146,27,1
146,28,1
146,30,5
146,35,5
146,38,1
146,43,5
146,47,2
146,51,5
146,58,3
146,62,1
146,68,5
146,72,4
146,80,4
146,84,1
146,86,1
147,1,5
147,3,1
147,6,1
147,10,1
147,15,2
147,18,1
147,24,1
147,29,4
147,30,2
147,31,5
147,33,3
147,37,1
147,45,4
147,46,2
147,51,1
147,55,2
147,69,5
147,71,1
147,80,1
147,86,5
147,87,5
148,5,5
148,6,1
148,8,1
148,11,1
148,15,1
148,30,1
148,31,1
148,40,5
148,42,5
148,47,2
148,52,1
148,53,5
148,60,5
148,61,2
148,64,4
148,71,3
148,72,1
148,73,1
148,78,2
148,86,1
149,2,5
149,5,5
149,9,1
149,16,4
149,17,5
149,20,5
149,21,5
149,23,2
149,31,1
149,38,5
149,44,5
149,47,1
149,49,1
149,53,5
149,55,4
149,65,3
149,67,5
149,74,2
149,75,1
149,82,2
150,2,4
150,17,5
150,38,5
150,44,4
150,45,2
150,48,2
150,49,1
150,65,2
150,67,5
150,68,1
150,74,2
150,80,1
150,81,4
150,83,1
151,2,5
151,3,1
151,10,1
151,12,5
151,14,1
151,15,2
151,16,5
151,19,5
151,20,4
151,22,1
151,27,1
151,30,1
151,32,1
151,34,1
151,35,3
151,36,1
151,38,5
151,40,4
151,44,5
151,45,2
151,46,5
151,55,5
151,57,2
151,58,5
151,60,5
151,62,1
151,66,1
151,67,5
151,76,2
151,78,1
151,81,5
151,84,2
152,12,3
152,14,4
152,16,1
152,17,2
152,18,4
152,22,5
152,24,4
152,28,4
152,32,2
152,36,2
152,37,5
152,38,1
152,41,5
152,48,5
152,53,1
152,54,1
152,56,3
152,57,4
152,59,2
152,61,2
152,68,1
152,71,5
152,77,5
152,80,1
152,83,4
152,85,5
152,87,1
153,3,2
153,7,5
153,11,2
153,18,5
153,28,5
153,29,1
153,39,2
153,41,5
153,43,1
153,45,2
153,57,4
153,59,2
153,62,4
153,72,3
153,75,2
153,87,3
154,6,2
154,9,2
154,12,5
154,19,5
154,21,5
154,26,2
154,31,1
154,33,5
154,38,4
154,39,1
154,41,2
154,46,4
154,53,5
154,58,5
154,67,5
154,69,2
154,71,2
154,81,5
154,84,2
155,2,5
155,16,5
155,18,2
155,26,1
155,33,5
155,34,2
155,36,2
155,38,4
155,42,5
155,46,4
155,48,2
155,55,5
155,56,1
155,80,1
155,81,5
155,82,2
155,85,1
156,13,5
156,16,2
156,18,5
156,21,1
156,23,2
156,27,1
156,28,5
156,33,1
156,37,5
156,39,1
156,43,2
156,46,1
156,48,5
156,51,3
156,52,1
156,56,2
156,58,1
156,61,1
156,75,2
156,76,1
156,83,4
156,84,4
156,87,2
157,4,1
157,5,5
157,6,1
157,11,1
157,17,5
157,18,1
157,20,4
157,24,1
157,25,2
157,27,2
157,30,1
157,32,2
157,33,4
157,35,1
157,38,5
157,39,1
157,41,1
157,43,1
157,44,5
157,47,1
157,53,5
157,58,4
157,61,2
157,67,5
157,68,1
157,77,1
157,84,2
157,85,1
157,87,1
158,6,1
158,7,5
158,8,2
158,13,5
158,14,5
158,16,2
158,18,4
158,21,2
158,22,5
158,24,5
158,28,5
158,41,5
158,47,5
158,48,5
158,49,2
158,56,1
158,57,4
158,60,1
158,62,5
158,63,2
158,66,1
158,72,1
158,73,5
158,74,4
158,80,1
158,82,1
158,83,4
158,86,1
159,4,1
159,8,4
159,10,1
159,14,3
159,23,5
159,24,1
159,28,2
159,29,5
159,33,1
159,37,1
159,43,1
159,59,4
159,60,1
159,63,4
159,69,5
159,70,2
159,71,3
159,72,2
159,83,1
159,85,1
159,87,5
160,5,2
160,8,2
160,9,5
160,15,5
160,24,1
160,25,3
160,26,4
160,27,1
160,28,1
160,32,5
160,37,1
160,44,1
160,46,1
160,47,1
160,50,1
160,52,5
160,54,4
160,58,1
160,68,5
160,69,1
160,72,4
160,84,1
160,87,1
161,11,5
161,16,1
161,19,1
161,26,2
161,30,1
161,34,5
161,36,5
161,37,1
161,41,2
161,44,1
161,46,2
161,49,2
161,51,2
161,56,2
161,58,1
161,59,5
161,62,2
161,65,5
161,75,5
161,79,5
161,81,1
161,82,1
162,3,5
162,15,5
162,20,1
162,28,1
162,32,5
162,33,2
162,37,1
162,38,2
162,40,1
162,43,5
162,44,1
162,52,5
162,54,5
162,66,2
162,70,1
162,74,2
162,76,1
162,78,5
162,80,5
162,82,5
162,83,1
163,6,3
163,11,5
163,13,2
163,23,5
163,35,1
163,38,2
163,39,2
163,40,1
163,43,3
163,44,3
163,53,2
163,55,1
163,57,2
163,59,4
163,61,2
163,62,1
163,64,2
163,65,5
163,66,5
163,69,4
163,71,3
163,76,5
163,78,1
163,86,5
164,2,1
164,8,5
164,16,1
164,17,2
164,30,1
164,31,5
164,32,1
164,37,1
164,39,2
164,49,2
164,56,2
164,58,1
164,60,1
164,61,2
164,65,5
164,66,4
164,73,2
164,75,5
164,76,5
165,1,5
165,11,4
165,12,1
165,18,2
165,19,1
165,27,4
165,28,1
165,29,4
165,31,5
165,42,2
165,44,3
165,45,5
165,46,1
165,47,1
165,50,2
165,56,1
165,63,4
165,65,5
165,67,1
165,73,1
165,75,5
165,83,1
165,85,1
165,87,5
166,3,2
166,5,1
166,8,5
166,11,5
166,24,1
166,28,1
166,35,1
166,36,5
166,37,2
166,39,1
166,43,3
166,45,5
166,50,1
166,54,1
166,56,2
166,58,1
166,65,5
166,66,5
166,69,5
166,70,3
166,72,1
166,74,1
166,76,4
166,77,1
166,81,3
166,86,4
167,11,2
167,14,5
167,15,1
167,31,2
167,42,2
167,45,1
167,48,5
167,50,5
167,57,5
167,60,1
167,66,1
167,72,1
167,74,5
167,76,1
167,80,1
167,82,1
168,9,5
168,11,1
168,15,5
168,25,3
168,35,5
168,36,1
168,43,5
168,51,5
168,54,5
168,60,2
168,61,5
168,68,5
168,71,1
168,72,4
168,78,5
168,81,2
168,82,5
168,83,1
168,84,2
169,3,4
169,4,5
169,7,1
169,12,2
169,14,1
169,15,5
169,18,1
169,23,1
169,26,5
169,28,2
169,43,5
169,56,5
169,58,3
169,59,2
169,60,2
169,61,5
169,65,1
169,67,1
169,68,4
169,70,2
169,73,1
169,85,2
170,3,1
170,7,5
170,10,5
170,13,4
170,14,5
170,15,1
170,21,1
170,22,4
170,26,1
170,51,2
170,52,1
170,60,1
170,64,2
170,67,1
170,70,5
170,73,5
170,77,5
170,79,1
170,85,5
171,1,4
171,2,2
171,8,5
171,17,2
171,19,2
171,21,2
171,23,4
171,32,2
171,34,5
171,37,3
171,40,1
171,44,2
171,47,2
171,53,1
171,57,1
171,59,5
171,62,2
171,66,5
171,68,1
171,69,5
171,76,4
171,81,1
171,86,5
172,3,1
172,4,1
172,12,3
172,13,1
172,20,1
172,27,5
172,29,5
172,30,2
172,31,4
172,37,1
172,38,1
172,41,2
172,43,1
172,48,2
172,57,3
172,59,4
172,60,1
172,63,5
172,66,5
172,67,2
172,69,5
172,70,2
172,73,1
172,76,5
172,79,4
172,86,5
173,4,1
173,5,1
173,13,5
173,14,5
173,15,1
173,21,1
173,25,5
173,28,4
173,32,1
173,37,4
173,41,5
173,44,1
173,46,1
173,47,5
173,60,2
173,61,2
173,62,5
173,65,1
173,68,1
173,71,5
173,72,2
173,79,1
173,81,2
173,83,5
173,86,1
